{
  "0": {
    "metrics": {
      "num_samples": 24684,
      "num_train": 19747,
      "num_val": 4937,
      "mse_train": 0.001302671036683023,
      "mse_val": 0.001337742549367249,
      "mae_val": 0.022791331633925438,
      "soft_ce_val": 0.5223351716995239
    },
    "W_shape": [
      3,
      48
    ],
    "b_shape": [
      3
    ]
  },
  "1": {
    "metrics": {
      "num_samples": 23964,
      "num_train": 19171,
      "num_val": 4793,
      "mse_train": 0.0007115842890925705,
      "mse_val": 0.0006974585703574121,
      "mae_val": 0.019473832100629807,
      "soft_ce_val": 0.7580792307853699
    },
    "W_shape": [
      3,
      48
    ],
    "b_shape": [
      3
    ]
  },
  "2": {
    "metrics": {
      "num_samples": 23352,
      "num_train": 18681,
      "num_val": 4671,
      "mse_train": 0.0019470866536721587,
      "mse_val": 0.002094180788844824,
      "mae_val": 0.019498581066727638,
      "soft_ce_val": 0.2534807026386261
    },
    "W_shape": [
      3,
      48
    ],
    "b_shape": [
      3
    ]
  }
}