{
  "trained": {
    "input_dim": 48,
    "per_process_kl_val": {
      "0": 0.022677531465888023,
      "1": 0.013735692948102951,
      "2": 0.02735826000571251
    },
    "joint_8_simplex_kl_val": 1.6801589727401733,
    "block_3_simplex_kl_val": 0.09020886570215225
  },
  "control_random_init": {
    "input_dim": 48,
    "per_process_kl_val": {
      "0": 0.05318721383810043,
      "1": 0.02987064979970455,
      "2": 0.0639958530664444
    },
    "joint_8_simplex_kl_val": 1.3967255353927612,
    "block_3_simplex_kl_val": 0.1409211903810501
  }
}