{
  "trained": {
    "dim": 24,
    "per_process_kl_val": {
      "0": 0.036851219832897186,
      "1": 0.02264169417321682,
      "2": 0.04288148880004883
    },
    "joint_8_simplex_kl_val": 1.5875704288482666,
    "block_3_simplex_kl_val": 0.10961955785751343
  },
  "control_random_init": {
    "dim": 24,
    "per_process_kl_val": {
      "0": 0.07192153483629227,
      "1": 0.03943103551864624,
      "2": 0.08657428622245789
    },
    "joint_8_simplex_kl_val": 1.3208775520324707,
    "block_3_simplex_kl_val": 0.14767050743103027
  }
}