{
  "trained": {
    "dim": 24,
    "rrr_rank_per_process": 2,
    "rrr_rank_joint_8": 8,
    "rrr_rank_block": 2,
    "per_process_kl_val": {
      "0": 0.2633923888206482,
      "1": 0.16443346440792084,
      "2": 0.3437327742576599
    },
    "joint_8_simplex_kl_val": 1.6017950773239136,
    "block_3_simplex_kl_val": 0.10637257993221283
  },
  "control_random_init": {
    "dim": 24,
    "rrr_rank_per_process": 2,
    "rrr_rank_joint_8": 8,
    "rrr_rank_block": 2,
    "per_process_kl_val": {
      "0": 0.2991775572299957,
      "1": 0.17603059113025665,
      "2": 0.3804272413253784
    },
    "joint_8_simplex_kl_val": 1.379826307296753,
    "block_3_simplex_kl_val": 0.14007875323295593
  }
}