{
  "trained": {
    "dim": 24,
    "per_process_kl_val": {
      "0": 0.008664797991514206,
      "1": 0.004676560405641794,
      "2": 0.011366387829184532
    },
    "joint_8_simplex_kl_val": 1.60134756565094,
    "block_3_simplex_kl_val": 0.10572804510593414
  },
  "control_random_init": {
    "dim": 24,
    "per_process_kl_val": {
      "0": 0.06956741958856583,
      "1": 0.03879730403423309,
      "2": 0.08366791903972626
    },
    "joint_8_simplex_kl_val": 1.3797825574874878,
    "block_3_simplex_kl_val": 0.1429443657398224
  }
}