{
  "trained": {
    "input_dim": 48,
    "per_process_kl_val": {
      "0": 0.007331905886530876,
      "1": 0.0036640611942857504,
      "2": 0.010754594579339027
    },
    "joint_8_simplex_kl_val": 1.6953165531158447,
    "block_3_simplex_kl_val": 0.08651649951934814
  },
  "control_random_init": {
    "input_dim": 48,
    "per_process_kl_val": {
      "0": 0.0483660027384758,
      "1": 0.027974005788564682,
      "2": 0.05693596974015236
    },
    "joint_8_simplex_kl_val": 1.4927806854248047,
    "block_3_simplex_kl_val": 0.12825532257556915
  }
}