{
  "trained": {
    "dim": 24,
    "per_process_mse_val": {
      "0": 0.0015273141907528043,
      "1": 0.0008564742165617645,
      "2": 0.002155701396986842
    },
    "joint_8_simplex_mse_val": 0.059407543390989304
  },
  "control_random_init": {
    "dim": 24,
    "per_process_mse_val": {
      "0": 0.011012506671249866,
      "1": 0.007197340950369835,
      "2": 0.011460451409220695
    },
    "joint_8_simplex_mse_val": 0.0579623319208622
  }
}