{
  "trained": {
    "dim": 24,
    "per_process_mse_val": {
      "0": 0.005548908840864897,
      "1": 0.0040298751555383205,
      "2": 0.006387997884303331
    },
    "joint_8_simplex_mse_val": 0.05951131135225296
  },
  "control_random_init": {
    "dim": 24,
    "per_process_mse_val": {
      "0": 0.011364988051354885,
      "1": 0.007263212464749813,
      "2": 0.012051454745233059
    },
    "joint_8_simplex_mse_val": 0.05703852325677872
  }
}