{
  "trained": {
    "dim": 24,
    "rrr_rank_per_process": 3,
    "rrr_rank_joint_8": 8,
    "rrr_rank_block": 3,
    "per_process_kl_val": {
      "0": 0.00844209548085928,
      "1": 0.00450788764283061,
      "2": 0.011115258559584618
    },
    "joint_8_simplex_kl_val": 1.5827350616455078,
    "block_3_simplex_kl_val": 0.11121568828821182
  },
  "control_random_init": {
    "dim": 24,
    "rrr_rank_per_process": 3,
    "rrr_rank_joint_8": 8,
    "rrr_rank_block": 3,
    "per_process_kl_val": {
      "0": 0.06751926988363266,
      "1": 0.037305258214473724,
      "2": 0.08162868767976761
    },
    "joint_8_simplex_kl_val": 1.4091883897781372,
    "block_3_simplex_kl_val": 0.14034128189086914
  }
}