mode,nll_per_token,ppl,block_mean_shift,block_gap_abs,block_frac_ge_thr,p1_mean_shift,p2_mean_shift,pair_mass_delta,pair_logodds_delta,token_kl_base_to_int,token_kl_int_to_base
baseline,0.91376583,2.49369572,0.00000000,0.00000000,0.00000000,0.00000000,0.00000000,0.00000000,0.00000000,0.00000000,0.00000000
final_only,0.92530763,2.52264418,0.78243923,0.56487846,0.48428401,-4.05962789,-12.44548035,0.03295289,0.14654650,0.01210609,0.01239128
both_layers,0.96589200,2.62713001,-2.20466566,1.09208059,0.00000000,-5.90363264,-16.24555731,0.16333315,0.92997938,0.05252155,0.05536057
control_final_only,0.91414644,2.49464502,1.17857003,0.48112369,1.00000000,-0.00000006,-0.00000019,-0.00741614,-0.03187731,0.00036298,0.00036392
control_both_layers,0.93235166,2.54047649,2.48647630,1.09572911,1.00000000,0.54564232,0.43255943,0.06989267,0.34830749,0.01629466,0.01679047
