{
  "config": {
    "dataset_path": "src/hmm_process/artifacts/mess3_mixed_dataset.jsonl",
    "checkpoint": "artifacts/tiny_transformer.pt",
    "max_sequences": 6000,
    "objective": "for each j in {0,1,2}, learn steering to decrease decoded mean p_j on mixed data",
    "optimizer": {
      "steps": 800,
      "lr": 0.2,
      "l2": 0.02
    }
  },
  "trained_on": {
    "num_sequences": 6000,
    "num_tokens": 72000,
    "alr_shifts": {
      "dec_p0": [
        -1.488176703453064,
        1.0408055782318115
      ],
      "dec_p1": [
        1.110892653465271,
        -1.3465838432312012
      ],
      "dec_p2": [
        1.9325218200683594,
        0.2551601827144623
      ]
    },
    "delta_norms_l2": {
      "dec_p0": 7.52715539932251,
      "dec_p1": 6.8208136558532715,
      "dec_p2": 6.384951114654541
    }
  },
  "datasets": {
    "p0": {
      "num_sequences": 2057
    },
    "p1": {
      "num_sequences": 1997
    },
    "p2": {
      "num_sequences": 1946
    }
  },
  "baseline_by_dataset": {
    "p0": {
      "nll_per_token": 0.9755787287668671,
      "ppl": 2.6527019617727574,
      "token_dist_kl_base_to_int": 0.0,
      "token_dist_kl_int_to_base": 0.0,
      "mean_prob_base": [
        0.36704403162002563,
        0.3353179395198822,
        0.29763802886009216
      ],
      "mean_prob_int": [
        0.36704403162002563,
        0.3353179395198822,
        0.29763802886009216
      ],
      "mean_prob_delta": [
        0.0,
        0.0,
        0.0
      ]
    },
    "p1": {
      "nll_per_token": 1.0941152965817542,
      "ppl": 2.98653931272755,
      "token_dist_kl_base_to_int": 0.0,
      "token_dist_kl_int_to_base": 0.0,
      "mean_prob_base": [
        0.370412677526474,
        0.37344664335250854,
        0.25614067912101746
      ],
      "mean_prob_int": [
        0.370412677526474,
        0.37344664335250854,
        0.25614067912101746
      ],
      "mean_prob_delta": [
        0.0,
        0.0,
        0.0
      ]
    },
    "p2": {
      "nll_per_token": 0.7330984453421499,
      "ppl": 2.08152010257726,
      "token_dist_kl_base_to_int": 0.0,
      "token_dist_kl_int_to_base": 0.0,
      "mean_prob_base": [
        0.34623008966445923,
        0.2623458802700043,
        0.3914240002632141
      ],
      "mean_prob_int": [
        0.34623008966445923,
        0.2623458802700043,
        0.3914240002632141
      ],
      "mean_prob_delta": [
        0.0,
        0.0,
        0.0
      ]
    }
  },
  "cross_eval": {
    "dataset_p0__steer_dec_p0": {
      "nll_per_token": 0.9918396507316346,
      "ppl": 2.696189960601537,
      "token_dist_kl_base_to_int": 0.015359099184678605,
      "token_dist_kl_int_to_base": 0.014788060334516082,
      "mean_prob_base": [
        0.36704403162002563,
        0.3353179395198822,
        0.29763802886009216
      ],
      "mean_prob_int": [
        0.06398285925388336,
        0.6871750354766846,
        0.24884212017059326
      ],
      "mean_prob_delta": [
        -0.30306118726730347,
        0.35185709595680237,
        -0.0487959086894989
      ]
    },
    "dataset_p0__steer_dec_p1": {
      "nll_per_token": 0.9879837839747534,
      "ppl": 2.685813828709003,
      "token_dist_kl_base_to_int": 0.013215628257460484,
      "token_dist_kl_int_to_base": 0.013520457408326195,
      "mean_prob_base": [
        0.36704403162002563,
        0.3353179395198822,
        0.29763802886009216
      ],
      "mean_prob_int": [
        0.7435429096221924,
        0.05995485559105873,
        0.1965021789073944
      ],
      "mean_prob_delta": [
        0.37649887800216675,
        -0.27536308765411377,
        -0.10113584995269775
      ]
    },
    "dataset_p0__steer_dec_p2": {
      "nll_per_token": 0.9869857167448106,
      "ppl": 2.6831345432167777,
      "token_dist_kl_base_to_int": 0.01219059108028901,
      "token_dist_kl_int_to_base": 0.012455969676737596,
      "mean_prob_base": [
        0.36704403162002563,
        0.3353179395198822,
        0.29763802886009216
      ],
      "mean_prob_int": [
        0.7734290361404419,
        0.13188250362873077,
        0.09468844532966614
      ],
      "mean_prob_delta": [
        0.40638500452041626,
        -0.20343543589115143,
        -0.20294958353042603
      ]
    },
    "dataset_p1__steer_dec_p0": {
      "nll_per_token": 1.1087826859511272,
      "ppl": 3.030666874658115,
      "token_dist_kl_base_to_int": 0.01589282677435672,
      "token_dist_kl_int_to_base": 0.015253320022947381,
      "mean_prob_base": [
        0.370412677526474,
        0.37344664335250854,
        0.25614067912101746
      ],
      "mean_prob_int": [
        0.06170859560370445,
        0.7343393564224243,
        0.20395204424858093
      ],
      "mean_prob_delta": [
        -0.30870407819747925,
        0.36089271306991577,
        -0.05218863487243652
      ]
    },
    "dataset_p1__steer_dec_p1": {
      "nll_per_token": 1.1089521754148148,
      "ppl": 3.031180584294272,
      "token_dist_kl_base_to_int": 0.013731316568653585,
      "token_dist_kl_int_to_base": 0.01406211844511595,
      "mean_prob_base": [
        0.370412677526474,
        0.37344664335250854,
        0.25614067912101746
      ],
      "mean_prob_int": [
        0.7615655064582825,
        0.06816838681697845,
        0.17026600241661072
      ],
      "mean_prob_delta": [
        0.39115282893180847,
        -0.3052782416343689,
        -0.08587467670440674
      ]
    },
    "dataset_p1__steer_dec_p2": {
      "nll_per_token": 1.1078344124463062,
      "ppl": 3.0277943357504613,
      "token_dist_kl_base_to_int": 0.012665896213384467,
      "token_dist_kl_int_to_base": 0.012954152161679867,
      "mean_prob_base": [
        0.370412677526474,
        0.37344664335250854,
        0.25614067912101746
      ],
      "mean_prob_int": [
        0.773529589176178,
        0.14680016040802002,
        0.07967021316289902
      ],
      "mean_prob_delta": [
        0.403116911649704,
        -0.22664648294448853,
        -0.17647045850753784
      ]
    },
    "dataset_p2__steer_dec_p0": {
      "nll_per_token": 0.7452904007621888,
      "ppl": 2.1070532360083942,
      "token_dist_kl_base_to_int": 0.013999535784485222,
      "token_dist_kl_int_to_base": 0.013529870230302537,
      "mean_prob_base": [
        0.34623008966445923,
        0.2623458802700043,
        0.3914240002632141
      ],
      "mean_prob_int": [
        0.06559062004089355,
        0.5782578587532043,
        0.3561514914035797
      ],
      "mean_prob_delta": [
        -0.2806394696235657,
        0.3159119784832001,
        -0.0352725088596344
      ]
    },
    "dataset_p2__steer_dec_p1": {
      "nll_per_token": 0.7467392865579885,
      "ppl": 2.1101083282184394,
      "token_dist_kl_base_to_int": 0.012012957711105847,
      "token_dist_kl_int_to_base": 0.012300421552730673,
      "mean_prob_base": [
        0.34623008966445923,
        0.2623458802700043,
        0.3914240002632141
      ],
      "mean_prob_int": [
        0.6942218542098999,
        0.04603905603289604,
        0.25973910093307495
      ],
      "mean_prob_delta": [
        0.3479917645454407,
        -0.21630682051181793,
        -0.13168489933013916
      ]
    },
    "dataset_p2__steer_dec_p2": {
      "nll_per_token": 0.745740440292855,
      "ppl": 2.108001706666453,
      "token_dist_kl_base_to_int": 0.011080619631160936,
      "token_dist_kl_int_to_base": 0.011330729880717651,
      "mean_prob_base": [
        0.34623008966445923,
        0.2623458802700043,
        0.3914240002632141
      ],
      "mean_prob_int": [
        0.7608881592750549,
        0.10554175823926926,
        0.1335701197385788
      ],
      "mean_prob_delta": [
        0.4146580696105957,
        -0.15680411458015442,
        -0.2578538656234741
      ]
    }
  }
}