{
  "config": {
    "dataset_path": "src/hmm_process/artifacts/mess3_mixed_dataset.jsonl",
    "checkpoint": "artifacts/tiny_transformer.pt",
    "subset": "process_id in {1,2}, balanced 50/50",
    "subset_size_sequences": 3892,
    "threshold": 0.5,
    "objective": "maximize min(delta,epsilon) - lambda*(delta-epsilon)^2 + beta*||A_other u||^2 with ||u||=1",
    "optimizer": {
      "steps": 1200,
      "lr": 0.08,
      "lambda_gap": 2.0,
      "beta_other": 0.2
    }
  },
  "steering": {
    "final_ln": {
      "l2": 1.8958333730697632,
      "alpha": 1.8958334463338125,
      "base_coords": [
        0.2637362480163574,
        0.5616941452026367
      ],
      "scaled_coords": [
        0.5,
        1.0648791790008545
      ],
      "scaled_gap_abs": 0.5648791790008545
    },
    "layer_0_after_mlp": {
      "l2": 4.281480312347412,
      "alpha": 4.281480290566293,
      "base_coords": [
        0.1167820394039154,
        0.20653843879699707
      ],
      "scaled_coords": [
        0.49999988079071045,
        0.8842897415161133
      ],
      "scaled_gap_abs": 0.38428986072540283
    }
  },
  "baseline": {
    "nll_per_token": 0.9137658344306697,
    "ppl": 2.4936957185725217,
    "block_shift": {
      "delta_c1_mean": 0.0,
      "delta_c2_mean": 0.0,
      "mean_shift": 0.0,
      "coord_gap_abs": 0.0,
      "frac_tokens_both_ge_threshold": 0.0
    },
    "p1_shift": {
      "delta_c1_mean": 0.0,
      "delta_c2_mean": 0.0,
      "mean_shift": 0.0,
      "coord_gap_abs": 0.0,
      "frac_tokens_both_ge_threshold": 0.0
    },
    "p2_shift": {
      "delta_c1_mean": 0.0,
      "delta_c2_mean": 0.0,
      "mean_shift": 0.0,
      "coord_gap_abs": 0.0,
      "frac_tokens_both_ge_threshold": 0.0
    },
    "token_dist_kl_base_to_int": 0.0,
    "token_dist_kl_int_to_base": 0.0,
    "pair_belief": {
      "pair_mass_base_mean": 0.6416951417922974,
      "pair_mass_int_mean": 0.6416951417922974,
      "pair_mass_delta": 0.0,
      "pair_logodds_base_mean": 0.5919644236564636,
      "pair_logodds_int_mean": 0.5919644236564636,
      "pair_logodds_delta": 0.0
    }
  },
  "final_only": {
    "nll_per_token": 0.9253076276945799,
    "ppl": 2.5226441762176006,
    "block_shift": {
      "delta_c1_mean": 0.5,
      "delta_c2_mean": 1.0648784637451172,
      "mean_shift": 0.7824392318725586,
      "coord_gap_abs": 0.5648784637451172,
      "frac_tokens_both_ge_threshold": 0.48428401350975037
    },
    "p1_shift": {
      "delta_c1_mean": -4.125683307647705,
      "delta_c2_mean": -3.993572473526001,
      "mean_shift": -4.059627890586853,
      "coord_gap_abs": 0.1321108341217041,
      "frac_tokens_both_ge_threshold": 0.0
    },
    "p2_shift": {
      "delta_c1_mean": -13.157441139221191,
      "delta_c2_mean": -11.733519554138184,
      "mean_shift": -12.445480346679688,
      "coord_gap_abs": 1.4239215850830078,
      "frac_tokens_both_ge_threshold": 0.0
    },
    "token_dist_kl_base_to_int": 0.012106089683331909,
    "token_dist_kl_int_to_base": 0.012391281175405123,
    "pair_belief": {
      "pair_mass_base_mean": 0.6416951417922974,
      "pair_mass_int_mean": 0.6746480464935303,
      "pair_mass_delta": 0.032952893525362015,
      "pair_logodds_base_mean": 0.5919644236564636,
      "pair_logodds_int_mean": 0.7385109066963196,
      "pair_logodds_delta": 0.14654649794101715
    }
  },
  "both_layers": {
    "nll_per_token": 0.9658919997965076,
    "ppl": 2.6271300110646245,
    "block_shift": {
      "delta_c1_mean": -1.6586253643035889,
      "delta_c2_mean": -2.7507059574127197,
      "mean_shift": -2.2046656608581543,
      "coord_gap_abs": 1.0920805931091309,
      "frac_tokens_both_ge_threshold": 0.0
    },
    "p1_shift": {
      "delta_c1_mean": -6.5104594230651855,
      "delta_c2_mean": -5.2968058586120605,
      "mean_shift": -5.903632640838623,
      "coord_gap_abs": 1.213653564453125,
      "frac_tokens_both_ge_threshold": 0.0
    },
    "p2_shift": {
      "delta_c1_mean": -19.33746910095215,
      "delta_c2_mean": -13.153645515441895,
      "mean_shift": -16.24555730819702,
      "coord_gap_abs": 6.183823585510254,
      "frac_tokens_both_ge_threshold": 0.0
    },
    "token_dist_kl_base_to_int": 0.05252155245790011,
    "token_dist_kl_int_to_base": 0.055360567582750125,
    "pair_belief": {
      "pair_mass_base_mean": 0.6416951417922974,
      "pair_mass_int_mean": 0.8050282597541809,
      "pair_mass_delta": 0.16333314776420593,
      "pair_logodds_base_mean": 0.5919644236564636,
      "pair_logodds_int_mean": 1.5219436883926392,
      "pair_logodds_delta": 0.9299793839454651
    }
  },
  "nullspace_random_controls_same_norm": {
    "final_only": {
      "final_norm_l2": 1.8958334922790527,
      "metrics": {
        "nll_per_token": 0.9141464416357539,
        "ppl": 2.494645017773896,
        "block_shift": {
          "delta_c1_mean": 0.938008189201355,
          "delta_c2_mean": 1.419131875038147,
          "mean_shift": 1.178570032119751,
          "coord_gap_abs": 0.481123685836792,
          "frac_tokens_both_ge_threshold": 1.0
        },
        "p1_shift": {
          "delta_c1_mean": -7.090383036256753e-08,
          "delta_c2_mean": -5.427258997769968e-08,
          "mean_shift": -6.258821017013361e-08,
          "coord_gap_abs": 1.663124038486785e-08,
          "frac_tokens_both_ge_threshold": 0.0
        },
        "p2_shift": {
          "delta_c1_mean": -2.644167977905454e-07,
          "delta_c2_mean": -1.1465317584224977e-07,
          "mean_shift": -1.8953498681639758e-07,
          "coord_gap_abs": 1.4976362194829562e-07,
          "frac_tokens_both_ge_threshold": 0.0
        },
        "token_dist_kl_base_to_int": 0.0003629828566522122,
        "token_dist_kl_int_to_base": 0.000363922748076495,
        "pair_belief": {
          "pair_mass_base_mean": 0.6416951417922974,
          "pair_mass_int_mean": 0.6342790126800537,
          "pair_mass_delta": -0.007416139356791973,
          "pair_logodds_base_mean": 0.5919644236564636,
          "pair_logodds_int_mean": 0.5600870847702026,
          "pair_logodds_delta": -0.0318773053586483
        }
      }
    },
    "both_layers": {
      "layer0_norm_l2": 4.281479835510254,
      "final_norm_l2": 1.8958334922790527,
      "metrics": {
        "nll_per_token": 0.9323516576491876,
        "ppl": 2.5404764892993343,
        "block_shift": {
          "delta_c1_mean": 1.9386117458343506,
          "delta_c2_mean": 3.0343408584594727,
          "mean_shift": 2.4864763021469116,
          "coord_gap_abs": 1.095729112625122,
          "frac_tokens_both_ge_threshold": 1.0
        },
        "p1_shift": {
          "delta_c1_mean": 0.9719123840332031,
          "delta_c2_mean": 0.11937224864959717,
          "mean_shift": 0.5456423163414001,
          "coord_gap_abs": 0.852540135383606,
          "frac_tokens_both_ge_threshold": 0.000363994506187737
        },
        "p2_shift": {
          "delta_c1_mean": 0.660037636756897,
          "delta_c2_mean": 0.20508122444152832,
          "mean_shift": 0.43255943059921265,
          "coord_gap_abs": 0.45495641231536865,
          "frac_tokens_both_ge_threshold": 0.1584874987602234
        },
        "token_dist_kl_base_to_int": 0.016294658917240714,
        "token_dist_kl_int_to_base": 0.01679047188871872,
        "pair_belief": {
          "pair_mass_base_mean": 0.6416951417922974,
          "pair_mass_int_mean": 0.7115877866744995,
          "pair_mass_delta": 0.06989267468452454,
          "pair_logodds_base_mean": 0.5919644236564636,
          "pair_logodds_int_mean": 0.9402719736099243,
          "pair_logodds_delta": 0.3483074903488159
        }
      }
    }
  }
}