method,nll_per_token,ppl,block_mean_shift,p1_mean_shift,p2_mean_shift,token_kl_base_to_int,token_kl_int_to_base
baseline,0.91376583,2.49369572,0.00000000,0.00000000,0.00000000,,
A_rowspace_block,0.91409696,2.49452159,0.50000003,0.31729712,1.66412389,0.00017725,0.00017779
B_nullspace_others,0.91388499,2.49399288,0.50000015,0.00000000,0.00000014,0.00004542,0.00004547
