mode,nll_per_token,ppl,alpha_mean,alpha_median,alpha_nonzero_frac,block_mean_shift,p1_mean_shift,p2_mean_shift,token_kl_base_to_int,token_kl_int_to_base
baseline,1.03475727,2.81442301,0.00000000,0.00000000,0.00000000,0.00000000,0.00000000,0.00000000,,
fixed_0.1,1.03476008,2.81443092,0.10000002,0.10000000,1.00000000,0.10000027,0.00000002,0.00000008,1.9006786251325119e-06,1.9010172390730488e-06
fixed_0.5,1.03480944,2.81456983,0.50000000,0.50000000,1.00000000,0.50000018,0.00000001,0.00000016,4.756267282184452e-05,4.7613362276197485e-05
fixed_1.0,1.03495698,2.81498512,1.00000000,1.00000000,1.00000000,1.00000000,0.00000001,0.00000001,0.00019046215249817077,0.00019089712446665555
adaptive,1.03480690,2.81456269,0.48246378,0.30378553,0.66153395,0.48246388,0.00000001,0.00000003,8.681206228709362e-05,8.705097055963894e-05
