mode,nll_per_token,ppl,block_mean_shift,block_gap_abs,block_frac_ge_thr,p1_mean_shift,p2_mean_shift,pair_mass_delta,pair_logodds_delta,token_kl_base_to_int,token_kl_int_to_base
baseline,0.91376583,2.49369572,0.00000000,0.00000000,0.00000000,0.00000000,0.00000000,0.00000000,0.00000000,0.00000000,0.00000000
final_only,0.92626410,2.52505817,1.85560024,0.71120048,0.54046762,3.95232809,12.38180876,0.00947342,0.04998914,0.01187030,0.01150713
both_layers,0.96174397,2.61625517,-5.06281769,3.07919955,0.00000000,-0.06221890,4.20209897,0.31286952,2.68628716,0.04376876,0.04702749
control_final_only,0.91488511,2.49648840,1.76140732,0.99331963,0.00000000,0.00000002,0.00000010,0.06782494,0.32562971,0.00143120,0.00143518
control_both_layers,0.96902017,2.63536100,10.82603598,5.43924999,1.00000000,0.22129809,0.22760232,0.35213241,4.60874462,0.05147448,0.05493211
