mode,nll_per_token,ppl,alpha_mean,alpha_median,alpha_nonzero_frac,block_mean_shift,p1_mean_shift,p2_mean_shift,token_kl_base_to_int,token_kl_int_to_base
baseline,0.91376583,2.49369572,0.00000000,0.00000000,0.00000000,0.00000000,0.00000000,0.00000000,,
fixed_0.1,0.91378241,2.49373706,0.10000002,0.10000000,1.00000000,0.10000025,0.00000002,0.00000007,1.814717294046307e-06,1.815921901551522e-06
fixed_0.5,0.91388499,2.49399288,0.50000000,0.50000000,1.00000000,0.50000015,0.00000000,0.00000014,4.5422970852778724e-05,4.546997629455769e-05
fixed_1.0,0.91409522,2.49451725,1.00000000,1.00000000,1.00000000,0.99999997,0.00000001,-0.00000000,0.00018189000350448043,0.0001823071929903027
adaptive,0.91394709,2.49414775,0.65910482,0.52395213,0.73436964,0.65910494,0.00000000,0.00000002,0.00012857665806802475,0.00012899060928160355
