method,nll_per_token,ppl,block_mean_shift,p1_mean_shift,p2_mean_shift,token_kl_base_to_int,token_kl_int_to_base
baseline,0.91376583,2.49369572,0.00000000,0.00000000,0.00000000,,
A_rowspace_block,0.91478471,2.49623778,0.99999997,0.63459438,3.32824779,0.00071114,0.00071541
B_nullspace_others,0.91409522,2.49451725,0.99999997,0.00000001,-0.00000000,0.00018189,0.00018231
