method,nll_per_token,ppl,block_mean_shift,p1_mean_shift,p2_mean_shift,token_kl_base_to_int,token_kl_int_to_base
baseline,0.91376583,2.49369572,0.00000000,0.00000000,0.00000000,,
A_rowspace_block,0.91380368,2.49379010,0.10000021,0.06345944,0.33282490,0.00000707,0.00000708
B_nullspace_others,0.91378241,2.49373706,0.10000027,0.00000002,0.00000008,0.00000181,0.00000182
