{
  "metrics": {
    "num_samples": 72000,
    "num_train": 57600,
    "num_val": 14400,
    "mse_train": 0.054805539548397064,
    "mse_val": 0.05469104275107384,
    "mae_val": 0.15028290450572968,
    "soft_ce_val": 1.7958471775054932,
    "process_block_acc_val": 0.35381942987442017,
    "true_process_block_mass_mean_val": 0.33399733901023865
  },
  "W_shape": [
    9,
    8
  ],
  "b_shape": [
    9
  ]
}