{
  "0": {
    "metrics": {
      "num_samples": 24684,
      "num_train": 19747,
      "num_val": 4937,
      "mse_train": 0.018107160925865173,
      "mse_val": 0.01816217601299286,
      "mae_val": 0.10585763305425644,
      "soft_ce_val": 0.7327247262001038
    },
    "W_shape": [
      3,
      8
    ],
    "b_shape": [
      3
    ]
  },
  "1": {
    "metrics": {
      "num_samples": 23964,
      "num_train": 19171,
      "num_val": 4793,
      "mse_train": 0.011254444718360901,
      "mse_val": 0.011423873715102673,
      "mae_val": 0.08807909488677979,
      "soft_ce_val": 0.8269818425178528
    },
    "W_shape": [
      3,
      8
    ],
    "b_shape": [
      3
    ]
  },
  "2": {
    "metrics": {
      "num_samples": 23352,
      "num_train": 18681,
      "num_val": 4671,
      "mse_train": 0.018306655809283257,
      "mse_val": 0.01852979138493538,
      "mae_val": 0.09391158074140549,
      "soft_ce_val": 0.5125201940536499
    },
    "W_shape": [
      3,
      8
    ],
    "b_shape": [
      3
    ]
  }
}