{
  "config": {
    "dataset_path": "src/hmm_process/artifacts/mess3_mixed_dataset.jsonl",
    "max_seqs": 6000,
    "pca_dim": null,
    "target": "ALR(2D) for p0,p1,p2,block maps"
  },
  "results": {
    "final_ln": {
      "input_dim": 48,
      "ranks": {
        "trained": {
          "p0": 2,
          "p1": 2,
          "p2": 2,
          "block": 2
        },
        "control_random_init": {
          "p0": 2,
          "p1": 2,
          "p2": 2,
          "block": 2
        }
      },
      "within_case_pairwise": {
        "trained": {
          "p0_vs_p1": {
            "k": 2,
            "principal_angles_deg": [
              12.218731163065243,
              13.116224999260616
            ],
            "mean_angle_deg": 12.66747808116293,
            "min_angle_deg": 12.218731163065243,
            "max_angle_deg": 13.116224999260616,
            "avg_cos2": 0.9518553841017595
          },
          "p0_vs_p2": {
            "k": 2,
            "principal_angles_deg": [
              16.521107459215187,
              35.03526327566409
            ],
            "mean_angle_deg": 25.77818536743964,
            "min_angle_deg": 16.521107459215187,
            "max_angle_deg": 35.03526327566409,
            "avg_cos2": 0.7947830634218656
          },
          "p1_vs_p2": {
            "k": 2,
            "principal_angles_deg": [
              26.29258378446824,
              41.27496955600003
            ],
            "mean_angle_deg": 33.78377667023413,
            "min_angle_deg": 26.29258378446824,
            "max_angle_deg": 41.27496955600003,
            "avg_cos2": 0.6843108676892281
          },
          "p0_vs_block": {
            "k": 2,
            "principal_angles_deg": [
              72.17445210666644,
              89.13050608724359
            ],
            "mean_angle_deg": 80.652479096955,
            "min_angle_deg": 72.17445210666644,
            "max_angle_deg": 89.13050608724359,
            "avg_cos2": 0.046969812911715966
          },
          "p1_vs_block": {
            "k": 2,
            "principal_angles_deg": [
              75.65410573598648,
              89.2920528336335
            ],
            "mean_angle_deg": 82.47307928480998,
            "min_angle_deg": 75.65410573598648,
            "max_angle_deg": 89.2920528336335,
            "avg_cos2": 0.030772586845613032
          },
          "p2_vs_block": {
            "k": 2,
            "principal_angles_deg": [
              68.25744745165149,
              89.79528235763408
            ],
            "mean_angle_deg": 79.02636490464278,
            "min_angle_deg": 68.25744745165149,
            "max_angle_deg": 89.79528235763408,
            "avg_cos2": 0.06861805945916317
          }
        },
        "control_random_init": {
          "p0_vs_p1": {
            "k": 2,
            "principal_angles_deg": [
              6.747425411253914,
              9.611465747247069
            ],
            "mean_angle_deg": 8.17944557925049,
            "min_angle_deg": 6.747425411253914,
            "max_angle_deg": 9.611465747247069,
            "avg_cos2": 0.9791588921271295
          },
          "p0_vs_p2": {
            "k": 2,
            "principal_angles_deg": [
              9.798467618268464,
              14.838401962601393
            ],
            "mean_angle_deg": 12.318434790434928,
            "min_angle_deg": 9.798467618268464,
            "max_angle_deg": 14.838401962601393,
            "avg_cos2": 0.952726855863518
          },
          "p1_vs_p2": {
            "k": 2,
            "principal_angles_deg": [
              15.443794868042037,
              21.508500115942333
            ],
            "mean_angle_deg": 18.476147491992187,
            "min_angle_deg": 15.443794868042037,
            "max_angle_deg": 21.508500115942333,
            "avg_cos2": 0.8973318580736177
          },
          "p0_vs_block": {
            "k": 2,
            "principal_angles_deg": [
              81.49794074495483,
              87.79823246143984
            ],
            "mean_angle_deg": 84.64808660319733,
            "min_angle_deg": 81.49794074495483,
            "max_angle_deg": 87.79823246143984,
            "avg_cos2": 0.011667061444998909
          },
          "p1_vs_block": {
            "k": 2,
            "principal_angles_deg": [
              80.31428797591956,
              88.08018484081057
            ],
            "mean_angle_deg": 84.19723640836506,
            "min_angle_deg": 80.31428797591956,
            "max_angle_deg": 88.08018484081057,
            "avg_cos2": 0.014714101635101678
          },
          "p2_vs_block": {
            "k": 2,
            "principal_angles_deg": [
              78.62914707723108,
              86.28955828964808
            ],
            "mean_angle_deg": 82.45935268343959,
            "min_angle_deg": 78.62914707723108,
            "max_angle_deg": 86.28955828964808,
            "avg_cos2": 0.021529726268822956
          }
        }
      },
      "cross_case_same_map": {
        "trained_vs_control_p0": {
          "k": 2,
          "principal_angles_deg": [
            82.58892302101675,
            89.9847517948044
          ],
          "mean_angle_deg": 86.28683740791058,
          "min_angle_deg": 82.58892302101675,
          "max_angle_deg": 89.9847517948044,
          "avg_cos2": 0.008318898962238145
        },
        "trained_vs_control_p1": {
          "k": 2,
          "principal_angles_deg": [
            82.8340156934855,
            87.3146736251352
          ],
          "mean_angle_deg": 85.07434465931036,
          "min_angle_deg": 82.8340156934855,
          "max_angle_deg": 87.3146736251352,
          "avg_cos2": 0.008878049381161634
        },
        "trained_vs_control_p2": {
          "k": 2,
          "principal_angles_deg": [
            81.5387347654281,
            84.57960467170312
          ],
          "mean_angle_deg": 83.05916971856561,
          "min_angle_deg": 81.5387347654281,
          "max_angle_deg": 84.57960467170312,
          "avg_cos2": 0.015286800950447392
        },
        "trained_vs_control_block": {
          "k": 2,
          "principal_angles_deg": [
            75.4102462562288,
            87.3374119195852
          ],
          "mean_angle_deg": 81.373829087907,
          "min_angle_deg": 75.4102462562288,
          "max_angle_deg": 87.3374119195852,
          "avg_cos2": 0.03280486900250824
        }
      }
    },
    "layer1": {
      "input_dim": 48,
      "ranks": {
        "trained": {
          "p0": 2,
          "p1": 2,
          "p2": 2,
          "block": 2
        },
        "control_random_init": {
          "p0": 2,
          "p1": 2,
          "p2": 2,
          "block": 2
        }
      },
      "within_case_pairwise": {
        "trained": {
          "p0_vs_p1": {
            "k": 2,
            "principal_angles_deg": [
              5.392710657478803,
              8.819318190338938
            ],
            "mean_angle_deg": 7.106014423908871,
            "min_angle_deg": 5.392710657478803,
            "max_angle_deg": 8.819318190338938,
            "avg_cos2": 0.9838303626865272
          },
          "p0_vs_p2": {
            "k": 2,
            "principal_angles_deg": [
              5.558219058397818,
              10.682863285244448
            ],
            "mean_angle_deg": 8.120541171821133,
            "min_angle_deg": 5.558219058397818,
            "max_angle_deg": 10.682863285244448,
            "avg_cos2": 0.9781278254984367
          },
          "p1_vs_p2": {
            "k": 2,
            "principal_angles_deg": [
              9.843639293010266,
              16.03211956511701
            ],
            "mean_angle_deg": 12.937879429063639,
            "min_angle_deg": 9.843639293010266,
            "max_angle_deg": 16.03211956511701,
            "avg_cos2": 0.9472496982844947
          },
          "p0_vs_block": {
            "k": 2,