{
  "config": {
    "dataset_path": "src/hmm_process/artifacts/mess3_mixed_dataset.jsonl",
    "max_seqs": 6000,
    "pca_dim": 24,
    "target": "ALR(2D) for p0,p1,p2,block maps"
  },
  "results": {
    "final_ln": {
      "input_dim": 24,
      "ranks": {
        "trained": {
          "p0": 2,
          "p1": 2,
          "p2": 2,
          "block": 2
        },
        "control_random_init": {
          "p0": 2,
          "p1": 2,
          "p2": 2,
          "block": 2
        }
      },
      "within_case_pairwise": {
        "trained": {
          "p0_vs_p1": {
            "k": 2,
            "principal_angles_deg": [
              3.687974735425339,
              9.653669035232525
            ],
            "mean_angle_deg": 6.670821885328932,
            "min_angle_deg": 3.687974735425339,
            "max_angle_deg": 9.653669035232525,
            "avg_cos2": 0.9838709380211977
          },
          "p0_vs_p2": {
            "k": 2,
            "principal_angles_deg": [
              8.80522506444325,
              12.121473959154699
            ],
            "mean_angle_deg": 10.463349511798974,
            "min_angle_deg": 8.80522506444325,
            "max_angle_deg": 12.121473959154699,
            "avg_cos2": 0.9662370229341324
          },
          "p1_vs_p2": {
            "k": 2,
            "principal_angles_deg": [
              11.282032480171571,
              20.172873794825584
            ],
            "mean_angle_deg": 15.727453137498578,
            "min_angle_deg": 11.282032480171571,
            "max_angle_deg": 20.172873794825584,
            "avg_cos2": 0.9214006798947938
          },
          "p0_vs_block": {
            "k": 2,
            "principal_angles_deg": [
              73.91676683572133,
              82.78074057129302
            ],
            "mean_angle_deg": 78.34875370350719,
            "min_angle_deg": 73.91676683572133,
            "max_angle_deg": 82.78074057129302,
            "avg_cos2": 0.046269836983204506
          },
          "p1_vs_block": {
            "k": 2,
            "principal_angles_deg": [
              76.3869423529775,
              83.45921417612531
            ],
            "mean_angle_deg": 79.9230782645514,
            "min_angle_deg": 76.3869423529775,
            "max_angle_deg": 83.45921417612531,
            "avg_cos2": 0.03418581184048423
          },
          "p2_vs_block": {
            "k": 2,
            "principal_angles_deg": [
              71.620487941423,
              82.58677883684959
            ],
            "mean_angle_deg": 77.10363338913629,
            "min_angle_deg": 71.620487941423,
            "max_angle_deg": 82.58677883684959,
            "avg_cos2": 0.058033759429554334
          }
        },
        "control_random_init": {
          "p0_vs_p1": {
            "k": 2,
            "principal_angles_deg": [
              4.3671077570563375,
              8.776804065599508
            ],
            "mean_angle_deg": 6.5719559113279225,
            "min_angle_deg": 4.3671077570563375,
            "max_angle_deg": 8.776804065599508,
            "avg_cos2": 0.9854596407673625
          },
          "p0_vs_p2": {
            "k": 2,
            "principal_angles_deg": [
              6.808970389987617,
              14.03263585694864
            ],
            "mean_angle_deg": 10.420803123468128,
            "min_angle_deg": 6.808970389987617,
            "max_angle_deg": 14.03263585694864,
            "avg_cos2": 0.9635748797401658
          },
          "p1_vs_p2": {
            "k": 2,
            "principal_angles_deg": [
              7.923938688137469,
              19.900060565010406
            ],
            "mean_angle_deg": 13.911999626573937,
            "min_angle_deg": 7.923938688137469,
            "max_angle_deg": 19.900060565010406,
            "avg_cos2": 0.9325680764267572
          },
          "p0_vs_block": {
            "k": 2,
            "principal_angles_deg": [
              44.76404628151259,
              85.90861165375357
            ],
            "mean_angle_deg": 65.33632896763308,
            "min_angle_deg": 44.76404628151259,
            "max_angle_deg": 85.90861165375357,
            "avg_cos2": 0.25460429612117047
          },
          "p1_vs_block": {
            "k": 2,
            "principal_angles_deg": [
              46.4860085934144,
              85.24032906747387
            ],
            "mean_angle_deg": 65.86316883044412,
            "min_angle_deg": 46.4860085934144,
            "max_angle_deg": 85.24032906747387,
            "avg_cos2": 0.24048048604557065
          },
          "p2_vs_block": {
            "k": 2,
            "principal_angles_deg": [
              45.495714493214585,
              87.17519035486023
            ],
            "mean_angle_deg": 66.33545242403741,
            "min_angle_deg": 45.495714493214585,
            "max_angle_deg": 87.17519035486023,
            "avg_cos2": 0.2468886613339211
          }
        }
      },
      "cross_case_same_map": {
        "trained_vs_control_p0": {
          "k": 2,
          "principal_angles_deg": [
            69.72104367330898,
            84.22124737155006
          ],
          "mean_angle_deg": 76.97114552242952,
          "min_angle_deg": 69.72104367330898,
          "max_angle_deg": 84.22124737155006,
          "avg_cos2": 0.06513168719364784
        },
        "trained_vs_control_p1": {
          "k": 2,
          "principal_angles_deg": [
            73.31371275794716,
            86.77483089994362
          ],
          "mean_angle_deg": 80.0442718289454,
          "min_angle_deg": 73.31371275794716,
          "max_angle_deg": 86.77483089994362,
          "avg_cos2": 0.04280478338607154
        },
        "trained_vs_control_p2": {
          "k": 2,
          "principal_angles_deg": [
            68.24657273424928,
            87.18243663245025
          ],
          "mean_angle_deg": 77.71450468334976,
          "min_angle_deg": 68.24657273424928,
          "max_angle_deg": 87.18243663245025,
          "avg_cos2": 0.06988514944675436
        },
        "trained_vs_control_block": {
          "k": 2,
          "principal_angles_deg": [
            50.63709115671642,
            86.81508778723152
          ],
          "mean_angle_deg": 68.72608947197398,
          "min_angle_deg": 50.63709115671642,
          "max_angle_deg": 86.81508778723152,
          "avg_cos2": 0.20266731406353874
        }
      }
    },
    "layer1": {
      "input_dim": 24,
      "ranks": {
        "trained": {
          "p0": 2,
          "p1": 2,
          "p2": 2,
          "block": 2
        },
        "control_random_init": {
          "p0": 2,
          "p1": 2,
          "p2": 2,
          "block": 2
        }
      },
      "within_case_pairwise": {
        "trained": {
          "p0_vs_p1": {
            "k": 2,
            "principal_angles_deg": [
              2.6415903719697935,
              6.561631108062235
            ],
            "mean_angle_deg": 4.601610740016014,
            "min_angle_deg": 2.6415903719697935,
            "max_angle_deg": 6.561631108062235,
            "avg_cos2": 0.9924089092152393
          },
          "p0_vs_p2": {
            "k": 2,
            "principal_angles_deg": [
              5.436416535311556,
              9.477948108881403
            ],
            "mean_angle_deg": 7.45718232209648,
            "min_angle_deg": 5.436416535311556,
            "max_angle_deg": 9.477948108881403,
            "avg_cos2": 0.9819542914812558
          },
          "p1_vs_p2": {
            "k": 2,
            "principal_angles_deg": [
              7.140357309264536,
              14.804822629402123
            ],
            "mean_angle_deg": 10.97258996933333,
            "min_angle_deg": 7.140357309264536,
            "max_angle_deg": 14.804822629402123,
            "avg_cos2": 0.9596276452526351
          },
          "p0_vs_block": {
            "k": 2,