{
  "metrics": {
    "num_samples": 72000,
    "num_train": 57600,
    "num_val": 14400,
    "mse_train": 0.05094604194164276,
    "mse_val": 0.05098450928926468,
    "mae_val": 0.14391306042671204,
    "soft_ce_val": 1.7222596406936646,
    "process_block_acc_val": 0.4220833480358124,
    "true_process_block_mass_mean_val": 0.358782023191452
  },
  "W_shape": [
    9,
    48
  ],
  "b_shape": [
    9
  ]
}