{
  "0": {
    "metrics": {
      "num_samples": 24684,
      "num_train": 19747,
      "num_val": 4937,
      "mse_train": 0.0038895681500434875,
      "mse_val": 0.0039047435857355595,
      "mae_val": 0.046698641031980515,
      "soft_ce_val": 0.6406568884849548
    },
    "W_shape": [
      3,
      48
    ],
    "b_shape": [
      3
    ]
  },
  "1": {
    "metrics": {
      "num_samples": 23964,
      "num_train": 19171,
      "num_val": 4793,
      "mse_train": 0.002295068698003888,
      "mse_val": 0.002279209904372692,
      "mae_val": 0.03718218207359314,
      "soft_ce_val": 0.8009089827537537
    },
    "W_shape": [
      3,
      48
    ],
    "b_shape": [
      3
    ]
  },
  "2": {
    "metrics": {
      "num_samples": 23352,
      "num_train": 18681,
      "num_val": 4671,
      "mse_train": 0.005133482161909342,
      "mse_val": 0.005162441171705723,
      "mae_val": 0.047084204852581024,
      "soft_ce_val": 0.3277847468852997
    },
    "W_shape": [
      3,
      48
    ],
    "b_shape": [
      3
    ]
  }
}