{
  "metrics": {
    "num_samples": 72000,
    "num_train": 57600,
    "num_val": 14400,
    "mse_train": 0.027057521045207977,
    "mse_val": 0.02746128849685192,
    "mae_val": 0.1212247982621193,
    "soft_ce_val": 1.0923094749450684,
    "argmax_acc_val": 0.46763888001441956
  },
  "W_shape": [
    3,
    24
  ],
  "b_shape": [
    3
  ]
}