{
  "0": {
    "metrics": {
      "num_samples": 24684,
      "num_train": 19747,
      "num_val": 4937,
      "mse_train": 0.020802883431315422,
      "mse_val": 0.020827362313866615,
      "mae_val": 0.11593863368034363,
      "soft_ce_val": 0.8338660597801208
    },
    "W_shape": [
      3,
      8
    ],
    "b_shape": [
      3
    ]
  },
  "1": {
    "metrics": {
      "num_samples": 23964,
      "num_train": 19171,
      "num_val": 4793,
      "mse_train": 0.013288662768900394,
      "mse_val": 0.013218875974416733,
      "mae_val": 0.09544573724269867,
      "soft_ce_val": 0.8343815207481384
    },
    "W_shape": [
      3,
      8
    ],
    "b_shape": [
      3
    ]
  },
  "2": {
    "metrics": {
      "num_samples": 23352,
      "num_train": 18681,
      "num_val": 4671,
      "mse_train": 0.01993575133383274,
      "mse_val": 0.020684070885181427,
      "mae_val": 0.10347767919301987,
      "soft_ce_val": 0.673116147518158
    },
    "W_shape": [
      3,
      8
    ],
    "b_shape": [
      3
    ]
  }
}