dataset,dec_p0_nll,dec_p1_nll,dec_p2_nll
p0,0.99183965,0.98798378,0.98698572
p1,1.10878269,1.10895218,1.10783441
p2,0.74529040,0.74673929,0.74574044
