dataset,steer_target,nll_per_token,ppl,nll_delta_vs_dataset_baseline,ppl_delta_vs_dataset_baseline,delta_p1,delta_p2,delta_p3,token_kl_base_to_int
p0,dec_p0,0.9918396507316346,2.696189960601537,0.016260921964767472,0.04348799882877952,-0.30306118726730347,0.35185709595680237,-0.0487959086894989,0.015359099184678605
p0,dec_p1,0.9879837839747534,2.685813828709003,0.012405055207886262,0.03311186693624579,0.37649887800216675,-0.27536308765411377,-0.10113584995269775,0.013215628257460484
p0,dec_p2,0.9869857167448106,2.6831345432167777,0.011406987977943484,0.03043258144402028,0.40638500452041626,-0.20343543589115143,-0.20294958353042603,0.01219059108028901
p1,dec_p0,1.1087826859511272,3.030666874658115,0.014667389369372952,0.044127561930564774,-0.30870407819747925,0.36089271306991577,-0.05218863487243652,0.01589282677435672
p1,dec_p1,1.1089521754148148,3.031180584294272,0.014836878833060618,0.04464127156672193,0.39115282893180847,-0.3052782416343689,-0.08587467670440674,0.013731316568653585
p1,dec_p2,1.1078344124463062,3.0277943357504613,0.01371911586455199,0.041255023022911175,0.403116911649704,-0.22664648294448853,-0.17647045850753784,0.012665896213384467
p2,dec_p0,0.7452904007621888,2.1070532360083942,0.012191955420038925,0.02553313343113439,-0.2806394696235657,0.3159119784832001,-0.0352725088596344,0.013999535784485222
p2,dec_p1,0.7467392865579885,2.1101083282184394,0.01364084121583864,0.028588225641179577,0.3479917645454407,-0.21630682051181793,-0.13168489933013916,0.012012957711105847
p2,dec_p2,0.745740440292855,2.108001706666453,0.012641994950705171,0.02648160408919331,0.4146580696105957,-0.15680411458015442,-0.2578538656234741,0.011080619631160936
