{
  "run": {
    "name": "vocab5_dense",
    "vocab_size": 5,
    "num_processes": 3,
    "sequences_per_process": 8000,
    "steps": 64,
    "sparse_emission": false,
    "sparse_process_id": 0,
    "sparse_state_id": 0,
    "sparse_allowed_tokens": [
      0
    ],
    "seed": 22
  },
  "num_states": 3,
  "num_processes": 3,
  "vocab_size": 5,
  "process_specs": [
    {
      "process_id": 0,
      "token_matrices": [
        [
          [
            0.11506834187880952,
            0.059919400726013206,
            0.03250189400079418
          ],
          [
            0.06336281675978508,
            0.01603073116341023,
            0.07037333999129589
          ],
          [
            0.04358417948569038,
            0.064287209206765,
            0.07086555614886855
          ]
        ],
        [
          [
            0.07505068006931223,
            0.0668754510717553,
            0.12328572103088145
          ],
          [
            0.06251676293810815,
            0.048391339551917864,
            0.09332795721037332
          ],
          [
            0.006536669001215396,
            0.11010816762980301,
            0.08023803326396049
          ]
        ],
        [
          [
            0.006360783744176182,
            0.03136054600002418,
            0.04820878659490578
          ],
          [
            0.05178103371073643,
            0.10461016298294167,
            0.10348529931443892
          ],
          [
            0.07348716989192984,
            0.10697955483480794,
            0.10520944268853744
          ]
        ],
        [
          [
            0.10865277893048333,
            0.06938000942259902,
            0.042837988129745166
          ],
          [
            0.06958706491540563,
            0.06871504954484188,
            0.10963969082495448
          ],
          [
            0.03929906379389372,
            0.06074134398953355,
            0.06653226450585784
          ]
        ],
        [
          [
            0.06344709419162618,
            0.11981113020239595,
            0.037239394006478334
          ],
          [
            0.017729083165032883,
            0.09417268523554193,
            0.02627698269121562
          ],
          [
            0.04781418129318382,
            0.04803242680706209,
            0.07628473745889107
          ]
        ]
      ],
      "sparse_state_id": null,
      "sparse_allowed_tokens": null
    },
    {
      "process_id": 1,
      "token_matrices": [
        [
          [
            0.08725326670305783,
            0.02119914565119232,
            0.08527113665970468
          ],
          [
            0.04810451850062746,
            0.1171786082070858,
            0.0366433112511246
          ],
          [
            0.11365015097975718,
            0.08007448916988186,
            0.1371374886505454
          ]
        ],
        [
          [
            0.01815369509328969,
            0.12058649384593509,
            0.07332514409041235
          ],
          [
            0.1832703678871701,
            0.058834899476233445,
            0.022934517841647906
          ],
          [
            0.03886112061944705,
            0.030838753375404208,
            0.028570757999381677
          ]
        ],
        [
          [
            0.02504919360024179,
            0.05278891004888559,
            0.10204565768982925
          ],
          [
            0.006728380547652583,
            0.11179576276330155,
            0.1166704426266603
          ],
          [
            0.04351410598231864,
            0.07005035123572281,
            0.04407561101346232
          ]
        ],
        [
          [
            0.15066030631346447,
            0.039415114974686805,
            0.06524342473229569
          ],
          [
            0.041939756705895496,
            0.008588520182513411,
            0.046217449828168805
          ],
          [
            0.001070336690989364,
            0.10837294864263028,
            0.05061897649973818
          ]
        ],
        [
          [
            0.027589080667986324,
            0.11109117748984314,
            0.020328252439175073
          ],
          [
            0.004331027828569131,
            0.1291571425751078,
            0.06760529377824168
          ],
          [
            0.12605637223038332,
            0.056831175079946034,
            0.07027736183039145
          ]
        ]
      ],
      "sparse_state_id": null,
      "sparse_allowed_tokens": null
    },
    {
      "process_id": 2,
      "token_matrices": [
        [
          [
            0.034569182627287906,
            0.059786831010545737,
            0.05201190610658853
          ],
          [
            0.07432765775971853,
            0.06616110683895254,
            0.03667380578270552
          ],
          [
            0.03282922013466544,
            0.051497745761343076,
            0.004863048258083005
          ]
        ],
        [
          [
            0.10287177625688668,
            0.092679772329546,
            0.10824037946523808
          ],
          [
            0.10630805374460761,
            0.10720250270153468,
            0.04999732054860849
          ],
          [
            0.04591176103390548,
            0.06306131658128396,
            0.10873182766741131
          ]
        ],
        [
          [
            0.07294694480578195,
            0.04243116479914818,
            0.06283928863103384
          ],
          [
            0.04552531087673239,
            0.09874046134756602,
            0.023111238255677822
          ],
          [
            0.13061791264039593,
            0.11160483362722007,
            0.03553367239812163
          ]
        ],
        [
          [
            0.08810823989021163,
            0.08280083715049785,
            0.05216097695156991
          ],
          [
            0.016508934524076285,
            0.06952189577586085,
            0.10091481848209402
          ],
          [
            0.09147547024430704,
            0.04714806405063633,
            0.006439531127010858
          ]
        ],
        [
          [
            0.023619227304117574,
            0.10964106722894072,
            0.01529240544260542
          ],
          [
            0.06943015760800242,
            0.09443581419449958,
            0.04114092155936327
          ],
          [
            0.09674060077163864,
            0.05818619651353569,
            0.11535879919044167
          ]
        ]
      ],
      "sparse_state_id": null,
      "sparse_allowed_tokens": null
    }
  ]
}