{
  "run": {
    "name": "vocab3_dense",
    "vocab_size": 3,
    "num_processes": 3,
    "sequences_per_process": 8000,
    "steps": 64,
    "sparse_emission": false,
    "sparse_process_id": 0,
    "sparse_state_id": 0,
    "sparse_allowed_tokens": [
      0
    ],
    "seed": 11
  },
  "num_states": 3,
  "num_processes": 3,
  "vocab_size": 3,
  "process_specs": [
    {
      "process_id": 0,
      "token_matrices": [
        [
          [
            0.04496186973994603,
            0.20695485942799502,
            0.15698770741363566
          ],
          [
            0.09733854869610416,
            0.21980056737550405,
            0.1571361353375703
          ],
          [
            0.14125813611973081,
            0.062077320163918995,
            0.05989523678614955
          ]
        ],
        [
          [
            0.1553821714626136,
            0.13488091635044633,
            0.036164766161090836
          ],
          [
            0.16264932694794657,
            0.10269336398428618,
            0.022132050188346287
          ],
          [
            0.12708684019478797,
            0.1214135880164197,
            0.13814161676293796
          ]
        ],
        [
          [
            0.040933426993074125,
            0.032037535400737435,
            0.1916967470504608
          ],
          [
            0.004559338517750186,
            0.21598500722615221,
            0.01770566172633999
          ],
          [
            0.10471701013206311,
            0.14368346496511408,
            0.10172678685887776
          ]
        ]
      ],
      "sparse_state_id": null,
      "sparse_allowed_tokens": null
    },
    {
      "process_id": 1,
      "token_matrices": [
        [
          [
            0.16983163857933656,
            0.05974049557187068,
            0.0114551829145873
          ],
          [
            0.09993862895026674,
            0.18822305280958146,
            0.16604824857091294
          ],
          [
            0.1032758584200971,
            0.17442597747893107,
            0.007840983676585978
          ]
        ],
        [
          [
            0.10537452071645456,
            0.19367066938615476,
            0.11385835741977723
          ],
          [
            0.05431896372332335,
            0.0656065681449837,
            0.05872930173607703
          ],
          [
            0.10806181570076154,
            0.1209893677504613,
            0.10559411973539583
          ]
        ],
        [
          [
            0.00834733357021477,
            0.14527310073036964,
            0.19244870111123447
          ],
          [
            0.12903265959879526,
            0.15791071584886848,
            0.08019186061719115
          ],
          [
            0.05702191397344147,
            0.13204348493921977,
            0.1907464783251059
          ]
        ]
      ],
      "sparse_state_id": null,
      "sparse_allowed_tokens": null
    },
    {
      "process_id": 2,
      "token_matrices": [
        [
          [
            0.050938485267186986,
            0.19242225368716825,
            0.1814835285771075
          ],
          [
            0.18628765965995517,
            0.0899914787701402,
            0.001556171916744395
          ],
          [
            0.1784017681037462,
            0.14025339478850313,
            0.10461268324493843
          ]
        ],
        [
          [
            0.07536972994830972,
            0.035254474958068785,
            0.1200195178458462
          ],
          [
            0.03703704044625651,
            0.07260805868678077,
            0.15986642270198856
          ],
          [
            0.014532917248407764,
            0.1482915648693912,
            0.047610276443662655
          ]
        ],
        [
          [
            0.0970431334430197,
            0.09429508016996926,
            0.15317379610332346
          ],
          [
            0.17765068839402898,
            0.16802300349272736,
            0.10697947593137815
          ],
          [
            0.11641921926982193,
            0.1798350808031953,
            0.07004309522833335
          ]
        ]
      ],
      "sparse_state_id": null,
      "sparse_allowed_tokens": null
    }
  ]
}