{
  "run": {
    "name": "vocab7_sparse_state",
    "vocab_size": 7,
    "num_processes": 3,
    "sequences_per_process": 8000,
    "steps": 64,
    "sparse_emission": true,
    "sparse_process_id": 1,
    "sparse_state_id": 2,
    "sparse_allowed_tokens": [
      0,
      1,
      2
    ],
    "seed": 33
  },
  "num_states": 3,
  "num_processes": 3,
  "vocab_size": 7,
  "process_specs": [
    {
      "process_id": 0,
      "token_matrices": [
        [
          [
            0.08776821117619225,
            0.05084954464613577,
            0.056131477613698764
          ],
          [
            0.035825688398091825,
            0.037819499807625126,
            0.06133000583149569
          ],
          [
            0.09113309568889683,
            0.09463547026101762,
            0.045461520702583975
          ]
        ],
        [
          [
            0.008675355749215066,
            0.05276428793760863,
            0.08897366536682963
          ],
          [
            0.0007527627662790462,
            0.027856572910392587,
            0.059335189862105474
          ],
          [
            0.02714788498881269,
            0.0551077705550992,
            0.006998458294635132
          ]
        ],
        [
          [
            0.024663239854168195,
            0.02406688659262509,
            0.05210623240338294
          ],
          [
            0.012677644728009602,
            0.0709695325894086,
            0.05832520549706809
          ],
          [
            0.009240779156764753,
            0.08665849777289208,
            0.006737849544837457
          ]
        ],
        [
          [
            0.04926040457917106,
            0.034685444704810185,
            0.06296333209711959
          ],
          [
            0.012792555528167774,
            0.04790520803753598,
            0.03542047703429096
          ],
          [
            0.0949946802432954,
            0.016771041910375643,
            0.026182718990540338
          ]
        ],
        [
          [
            0.08639621957928778,
            0.06313003894313056,
            0.011545728838857013
          ],
          [
            0.07210645437095038,
            0.07971415391006603,
            0.07124734268571109
          ],
          [
            0.08523823096249321,
            0.054623466472375565,
            0.03030591579133586
          ]
        ],
        [
          [
            0.048627355040472414,
            0.048709542217008774,
            0.07789262948532479
          ],
          [
            0.04276674444343237,
            0.04563776411818516,
            0.05398055242223214
          ],
          [
            0.042083759023743755,
            0.031857803014037414,
            0.023662282079249444
          ]
        ],
        [
          [
            0.015220224750705311,
            0.022656966218539618,
            0.03291321220571649
          ],
          [
            0.047232465298111884,
            0.04396405880577866,
            0.0823401209550615
          ],
          [
            0.0431181263757314,
            0.048159195950601134,
            0.07988145222068108
          ]
        ]
      ],
      "sparse_state_id": null,
      "sparse_allowed_tokens": null
    },
    {
      "process_id": 1,
      "token_matrices": [
        [
          [
            0.016573217136807115,
            0.05883603730814872,
            0.04001276279826152
          ],
          [
            0.07532303603243697,
            0.00024039471235643917,
            0.06838415305694283
          ],
          [
            0.16602560982058456,
            0.10248944207164312,
            0.029518627112982924
          ]
        ],
        [
          [
            0.0339489241989396,
            0.06700147921949083,
            0.02427163326225737
          ],
          [
            0.040750025707364655,
            0.03562127313093401,
            0.04887745808389863
          ],
          [
            0.07476304199621855,
            0.08427233732067205,
            0.12941273871308717
          ]
        ],
        [
          [
            0.09178259132117225,
            0.026959717953172403,
            0.0055755824656983435
          ],
          [
            0.024927403149296718,
            0.008993356310704002,
            0.07528837869259383
          ],
          [
            0.021475000662105455,
            0.20327325824743864,
            0.1887699440552674
          ]
        ],
        [
          [
            0.01231869743253731,
            0.08177983137073033,
            0.018653037230878883
          ],
          [
            0.04820664583358221,
            0.02129611866611445,
            0.04716022845756239
          ],
          [
            0.0,
            0.0,
            0.0
          ]
        ],
        [
          [
            0.09951187879062083,
            0.06143708347432367,
            0.08989348022414483
          ],
          [
            0.06023570128175174,
            0.022698011366252522,
            0.0698549870329307
          ],
          [
            0.0,
            0.0,
            0.0
          ]
        ],
        [
          [
            0.07544925112969701,
            0.04951069603421451,
            0.010560903128124315
          ],
          [
            0.01140611774597669,
            0.08897263785822736,
            0.040548589812470254
          ],
          [
            0.0,
            0.0,
            0.0
          ]
        ],
        [
          [
            0.07061528735137776,
            0.0031803069793464147,
            0.06212760119005592
          ],
          [
            0.08717662178161119,
            0.046250067411354755,
            0.07778879387563767
          ],
          [
            0.0,
            0.0,
            0.0
          ]
        ]
      ],
      "sparse_state_id": 2,
      "sparse_allowed_tokens": [
        0,
        1,
        2
      ]
    },
    {
      "process_id": 2,