{
  "metrics": {
    "num_samples": 72000,
    "num_train": 57600,
    "num_val": 14400,
    "mse_train": 0.020379457622766495,
    "mse_val": 0.020957181230187416,
    "mae_val": 0.10590825974941254,
    "soft_ce_val": 1.065329670906067,
    "argmax_acc_val": 0.5491666793823242
  },
  "W_shape": [
    3,
    24
  ],
  "b_shape": [
    3
  ]
}