{
  "checkpoint": "artifacts/sweeps/layers_dims_processcount_v1/checkpoints/train_p8__L2_D24.pt",
  "dataset": "artifacts/sweeps/layers_dims_processcount_v1/datasets/p2.jsonl",
  "train_size": 14400,
  "val_size": 800,
  "test_size": 800,
  "val_loss": 1.0252813830971719,
  "test_loss": 1.0219739347696304,
  "test_loss_per_process": {
    "0": 1.0121080338954926,
    "1": 1.0336664825677873
  }
}