{
  "checkpoint": "artifacts/sweeps/layers_dims_processcount_v1/checkpoints/train_p3__L3_D48.pt",
  "dataset": "artifacts/sweeps/layers_dims_processcount_v1/datasets/p3.jsonl",
  "train_size": 21600,
  "val_size": 1200,
  "test_size": 1200,
  "val_loss": 1.0084603652358055,
  "test_loss": 1.0029107570648192,
  "test_loss_per_process": {
    "0": 1.0090904995799064,
    "1": 0.9707810029387474,
    "2": 1.0320252776145935
  }
}