{"_timestamp":1.7755094259521885e+09,"train/loss":0.9248058199882507,"inference/generated_len":13,"val/loss":0.9464652389287949,"test/loss":0.9416617542505265,"_wandb":{"runtime":26},"_step":11,"step":2400,"_runtime":26}