{
  "metrics": {
    "num_samples": 72000,
    "num_train": 57600,
    "num_val": 14400,
    "mse_train": 0.029645929113030434,
    "mse_val": 0.03012104704976082,
    "mae_val": 0.12623600661754608,
    "soft_ce_val": 1.103780746459961,
    "argmax_acc_val": 0.26479166746139526
  },
  "W_shape": [
    3,
    24
  ],
  "b_shape": [
    3
  ]
}