{
  "trained": {
    "num_samples": 72000,
    "num_train": 57600,
    "num_val": 14400,
    "mse_train": 0.022733353078365326,
    "mse_val": 0.023331522941589355,
    "mae_val": 0.10900664329528809,
    "soft_ce_val": 1.0737948417663574,
    "argmax_acc_val": 0.4786805510520935
  },
  "control_random_init": {
    "num_samples": 72000,
    "num_train": 57600,
    "num_val": 14400,
    "mse_train": 0.029645929113030434,
    "mse_val": 0.03012104704976082,
    "mae_val": 0.12623600661754608,
    "soft_ce_val": 1.103780746459961,
    "argmax_acc_val": 0.26479166746139526
  }
}